{
  "xAxisData":
    [0.00,10.35,20.69,31.04,41.39,51.73,62.08,72.43,82.77,93.12],
  "downing":
    [-0.00,-0.00,-0.00,-0.00,-0.00,-0.00,-0.00,-0.00,-0.00,-0.00],
  "profileDataWithDowning":
    [2219.95,2220.22,2219.18,2215.04,2210.15,2208.39,2204.27,2201.03,2195.42,2190.28],
  "lineOfSightWithDowning":
    [2269.95,2263.88,2257.80,2251.73,2245.66,2239.58,2233.51,2227.43,2221.36,2215.28],
  "tooltipCoordinates":
    ["(N)35.809450 (E)35.809450","(N)35.809561 (E)35.809561","(N)35.809672 (E)35.809672","(N)35.809783 (E)35.809783","(N)35.809894 (E)35.809894","(N)35.810006 (E)35.810006","(N)35.810117 (E)35.810117","(N)35.810228 (E)35.810228","(N)35.810339 (E)35.810339","(N)35.810450 (E)35.810450"],
  "fernelEllipseWithDowning":
    [2269.95,2262.22,2255.61,2249.24,2243.03,2236.95,2231.02,2225.23,2219.70,2215.28],
  "tooltipClearance":
    [50.00,43.66,38.62,36.69,35.51,31.19,29.24,26.41,25.93,25.00],
  "tooltipFersnelPenetrationPerc":
    [0.00,0.00,0.00,0.00,0.00,0.00,0.00,0.00,0.00,0.00],
  "profileTotalMinHeightMeters": 2190.28,
  "profileTotalMaxHeightMeters": 2269.95,
  "profileDistanceMeters": 93.119206,
  "profileIncrementMeters": 10.346578,
  "RFLOS":true
}
